{
  "T": 1440.0,
  "avg_total_time_in_system": 75.4227450370572,
  "l_sys": 15.15591636038202,
  "avg_wq_paint": 12.744479946344821,
  "lq_paint": 2.2656853237946355,
  "util_paint": 0.8447916433444208,
  "avg_wq_finish": 42.858448071873674,
  "lq_finish": 8.067560309973063,
  "util_finish": 0.9350653202502813,
  "num_completed": 275
}